{"cameraMode":{"drawMode":0,"name":"Shaded","section":"Shading Mode"},"sceneLighting":true,"audioPlay":false,"sceneViewState":{"m_AlwaysRefresh":false,"showFog":true,"showSkybox":true,"showFlares":true,"showImageEffects":true,"showParticleSystems":true,"showVisualEffectGraphs":true,"m_FxEnabled":true},"in2DMode":false,"pivot":{"x":-5.524759292602539,"y":3.2750778198242189,"z":0.2520192861557007},"rotation":{"x":0.13465702533721925,"y":-0.39836037158966067,"z":0.059796590358018878,"w":0.9057840704917908},"size":3.952475070953369,"orthographic":false}